Raw data dump,Date,Time,Prize,DATEVALUE,TIMEVALUE,Time since last win (TIMEVALUE),Time since last win (sec),Time since last win (mm:ss)
"2017-02-07T02:32:30.218750,T-Shirt",2017-02-07,02:32:30.218750,T-Shirt,42773,0.1059053096,-,-,-
"2017-02-07T02:32:30.218750,Beverage Holder",2017-02-07,02:32:30.218750,Beverage Holder,42773,0.1059053096,0,0,0:00:00
"2017-02-07T02:34:06.124794,Box BOG Card",2017-02-07,02:34:06.124794,Box BOG Card,42773,0.1070153333,0.001110023657,96,0:01:36
"2017-02-07T02:36:13.886834,Box BOG Card",2017-02-07,02:36:13.886834,Box BOG Card,42773,0.1084940606,0.001478727315,128,0:02:08
"2017-02-07T02:41:06.202289,Box BOG Card",2017-02-07,02:41:06.202289,Box BOG Card,42773,0.1118773413,0.003383280729,292,0:04:52
"2017-02-07T02:44:22.897819,Box BOG Card",2017-02-07,02:44:22.897819,Box BOG Card,42773,0.1141539099,0.002276568634,197,0:03:17
"2017-02-07T02:54:05.356796,T-Shirt",2017-02-07,02:54:05.356796,T-Shirt,42773,0.1208953333,0.006741423345,582,0:09:42
"2017-02-07T03:15:04.889451,Carry All Cooler",2017-02-07,03:15:04.889451,Carry All Cooler,42773,0.1354732575,0.01457792425,1260,0:21:00
"2017-02-07T03:18:09.738846,T-Shirt",2017-02-07,03:18:09.738846,T-Shirt,42773,0.1376127181,0.00213946059,185,0:03:05
"2017-02-07T03:29:03.347334,T-Shirt",2017-02-07,03:29:03.347334,T-Shirt,42773,0.1451776312,0.007564913056,654,0:10:54
"2017-02-07T03:32:09.510461,T-Shirt",2017-02-07,03:32:09.510461,T-Shirt,42773,0.147332297,0.002154665822,186,0:03:06
"2017-02-07T03:37:07.202859,Box BOG Card",2017-02-07,03:37:07.202859,Box BOG Card,42773,0.1507778109,0.003445513866,298,0:04:58
"2017-02-07T03:58:07.639976,Box BOG Card",2017-02-07,03:58:07.639976,Box BOG Card,42773,0.1653662034,0.01458839256,1260,0:21:00
"2017-02-07T04:07:03.816475,Lemonade Card",2017-02-07,04:07:03.816475,Lemonade Card,42773,0.1715719499,0.006205746516,536,0:08:56
"2017-02-07T04:10:04.382429,Lemonade Card",2017-02-07,04:10:04.382429,Lemonade Card,42773,0.1736618337,0.002089883727,181,0:03:01
"2017-02-07T04:18:02.631443,$50 Gift Basket",2017-02-07,04:18:02.631443,$50 Gift Basket,42773,0.1791971232,0.005535289514,478,0:07:58
"2017-02-07T04:26:06.009043,Party Cooler",2017-02-07,04:26:06.009043,Party Cooler,42773,0.1847917713,0.005594648148,483,0:08:03
"2017-02-07T04:28:02.937331,T-Shirt",2017-02-07,04:28:02.937331,T-Shirt,42773,0.186145108,0.001353336667,117,0:01:57
"2017-02-07T04:33:05.792821,$35 Gift Basket",2017-02-07,04:33:05.792821,$35 Gift Basket,42773,0.1896503799,0.003505271875,303,0:05:03
"2017-02-07T04:41:19.151426,Box BOG Card",2017-02-07,04:41:19.151426,Box BOG Card,42773,0.1953605489,0.005710169039,493,0:08:13
"2017-02-07T04:42:28.461157,T-Shirt",2017-02-07,04:42:28.461157,T-Shirt,42773,0.1961627449,0.0008021959606,69,0:01:09
"2017-02-07T04:42:34.057410,T-Shirt",2017-02-07,04:42:34.057410,T-Shirt,42773,0.1962275163,0.00006477144676,6,0:00:06
"2017-02-07T04:43:11.400295,Cane's Cap",2017-02-07,04:43:11.400295,Cane's Cap,42773,0.1966597256,0.0004322093171,37,0:00:37
"2017-02-07T04:56:15.864419,$50 Gift Basket",2017-02-07,04:56:15.864419,$50 Gift Basket,42773,0.2057391715,0.00907944588,784,0:13:04
"2017-02-07T04:58:18.032889,Cane's Cap",2017-02-07,04:58:18.032889,Cane's Cap,42773,0.2071531584,0.001413986921,122,0:02:02
"2017-02-07T05:02:06.469237,Lemonade Card",2017-02-07,05:02:06.469237,Lemonade Card,42773,0.2097970977,0.002643939213,228,0:03:48
"2017-02-07T05:02:12.029328,Lemonade Card",2017-02-07,05:02:12.029328,Lemonade Card,42773,0.2098614506,0.00006435290509,6,0:00:06
"2017-02-07T05:19:09.628397,Lemonade Card",2017-02-07,05:19:09.628397,Lemonade Card,42773,0.2216392176,0.011777767,1018,0:16:58
"2017-02-07T05:20:03.099455,T-Shirt",2017-02-07,05:20:03.099455,T-Shirt,42773,0.2222580955,0.0006188779861,53,0:00:53
"2017-02-07T05:22:16.193062,T-Shirt",2017-02-07,05:22:16.193062,T-Shirt,42773,0.2237985308,0.001540435266,133,0:02:13
"2017-02-07T05:24:07.570646,Box BOG Card",2017-02-07,05:24:07.570646,Box BOG Card,42773,0.2250876232,0.001289092407,111,0:01:51
"2017-02-07T05:31:00.980399,Box BOG Card",2017-02-07,05:31:00.980399,Box BOG Card,42773,0.2298724583,0.004784835104,413,0:06:53
"2017-02-07T05:43:06.078811,Beverage Holder",2017-02-07,05:43:06.078811,Beverage Holder,42773,0.2382648011,0.008392342731,725,0:12:05
"2017-02-07T05:44:20.401036,Cane's Cap",2017-02-07,05:44:20.401036,Cane's Cap,42773,0.239125012,0.0008602109375,74,0:01:14
"2017-02-07T05:50:20.718855,Box BOG Card",2017-02-07,05:50:20.718855,Box BOG Card,42773,0.2432953571,0.004170345127,360,0:06:00
"2017-02-07T05:52:12.562120,Cane's Cap",2017-02-07,05:52:12.562120,Cane's Cap,42773,0.2445898394,0.001294482234,112,0:01:52
"2017-02-07T05:55:33.876352,Lemonade Card",2017-02-07,05:55:33.876352,Lemonade Card,42773,0.2469198652,0.002330025833,201,0:03:21
"2017-02-07T05:58:09.149089,Beverage Holder",2017-02-07,05:58:09.149089,Beverage Holder,42773,0.2487170033,0.00179713816,155,0:02:35
"2017-02-07T06:40:14.525141,Box BOG Card",2017-02-07,06:40:14.525141,Box BOG Card,42773,0.2779458928,0.02922888949,2525,0:42:05
"2017-02-07T06:44:23.475240,Box BOG Card",2017-02-07,06:44:23.475240,Box BOG Card,42773,0.2808272597,0.002881366887,249,0:04:09
"2017-02-07T06:54:26.735480,Box BOG Card",2017-02-07,06:54:26.735480,Box BOG Card,42773,0.2878094384,0.006982178704,603,0:10:03
"2017-02-07T06:57:26.781857,T-Shirt",2017-02-07,06:57:26.781857,T-Shirt,42773,0.2898933085,0.002083870104,180,0:03:00
"2017-02-07T06:59:23.481960,Lemonade Card",2017-02-07,06:59:23.481960,Lemonade Card,42773,0.2912440042,0.001350695637,117,0:01:57
"2017-02-07T07:08:23.282157,Box BOG Card",2017-02-07,07:08:23.282157,Box BOG Card,42773,0.2974916916,0.006247687465,540,0:09:00
"2017-02-07T07:09:48.192783,Cane's Cap",2017-02-07,07:09:48.192783,Cane's Cap,42773,0.2984744535,0.000982761875,85,0:01:25
"2017-02-07T07:13:14.737046,Lemonade Card",2017-02-07,07:13:14.737046,Lemonade Card,42773,0.3008650121,0.0023905586,207,0:03:27
"2017-02-07T07:17:13.102455,Beverage Holder",2017-02-07,07:17:13.102455,Beverage Holder,42773,0.303623871,0.0027588589,238,0:03:58
"2017-02-07T07:23:02.292742,Lemonade Card",2017-02-07,07:23:02.292742,Lemonade Card,42773,0.3076654253,0.004041554248,349,0:05:49
"2017-02-07T07:27:06.429968,Beverage Holder",2017-02-07,07:27:06.429968,Beverage Holder,42773,0.3104910876,0.002825662338,244,0:04:04
"2017-02-07T07:40:09.725716,T-Shirt",2017-02-07,07:40:09.725716,T-Shirt,42773,0.3195570106,0.009065923009,783,0:13:03
"2017-02-07T07:41:40.274858,Box BOG Card",2017-02-07,07:41:40.274858,Box BOG Card,42773,0.3206050331,0.001048022477,91,0:01:31
"2017-02-07T08:06:47.048707,T-Shirt",2017-02-07,08:06:47.048707,T-Shirt,42773,0.3380445452,0.01743951214,1507,0:25:07
"2017-02-07T08:08:59.701530,Box BOG Card",2017-02-07,08:08:59.701530,Box BOG Card,42773,0.3395798788,0.0015353336,133,0:02:13
"2017-02-07T08:15:31.306428,Box BOG Card",2017-02-07,08:15:31.306428,Box BOG Card,42773,0.3441123429,0.004532464097,392,0:06:32
"2017-02-07T08:19:03.125813,Beverage Holder",2017-02-07,08:19:03.125813,Beverage Holder,42773,0.3465639562,0.002451613252,212,0:03:32
"2017-02-07T08:24:25.891074,Box BOG Card",2017-02-07,08:24:25.891074,Box BOG Card,42773,0.3502996652,0.003735709039,323,0:05:23
"2017-02-07T08:31:18.448287,T-Shirt",2017-02-07,08:31:18.448287,T-Shirt,42773,0.355074633,0.004774967743,413,0:06:53
"2017-02-07T08:40:07.478057,Beverage Holder",2017-02-07,08:40:07.478057,Beverage Holder,42773,0.3611976627,0.006123029745,529,0:08:49
"2017-02-07T08:43:39.260048,Box BOG Card",2017-02-07,08:43:39.260048,Box BOG Card,42773,0.3636488431,0.002451180451,212,0:03:32
"2017-02-07T08:53:15.788132,Lemonade Card",2017-02-07,08:53:15.788132,Lemonade Card,42773,0.3703216219,0.00667277875,577,0:09:37
"2017-02-07T08:57:08.515093,Lemonade Card",2017-02-07,08:57:08.515093,Lemonade Card,42773,0.373015221,0.002693599086,233,0:03:53
"2017-02-07T09:04:27.634731,Lemonade Card",2017-02-07,09:04:27.634731,Lemonade Card,42773,0.3780976242,0.005082403218,439,0:07:19
"2017-02-07T09:04:33.170723,Box BOG Card",2017-02-07,09:04:33.170723,Box BOG Card,42773,0.3781616982,0.00006407398148,6,0:00:06
"2017-02-07T09:36:55.105596,Box BOG Card",2017-02-07,09:36:55.105596,Box BOG Card,42773,0.4006377963,0.02247609807,1942,0:32:22
"2017-02-07T17:44:04.100020,$35 Gift Basket",2017-02-07,17:44:04.100020,$35 Gift Basket,42773,0.7389363428,0.3382985466,429,0:07:09
"2017-02-07T17:44:15.262958,Lemonade Card",2017-02-07,17:44:15.262958,Lemonade Card,42773,0.7390655435,0.0001292006713,11,0:00:11
"2017-02-07T17:48:03.730809,Carry All Cooler",2017-02-07,17:48:03.730809,Carry All Cooler,42773,0.7417098473,0.002644303831,228,0:03:48
"2017-02-07T17:56:07.533868,Box BOG Card",2017-02-07,17:56:07.533868,Box BOG Card,42773,0.7473094198,0.005599572442,484,0:08:04
"2017-02-07T17:58:04.521305,Box BOG Card",2017-02-07,17:58:04.521305,Box BOG Card,42773,0.748663441,0.001354021262,117,0:01:57
"2017-02-07T18:03:02.079615,Box BOG Card",2017-02-07,18:03:02.079615,Box BOG Card,42773,0.752107403,0.003443961921,298,0:04:58
"2017-02-07T18:09:04.017024,Lemonade Card",2017-02-07,18:09:04.017024,Lemonade Card,42773,0.7562964933,0.004189090382,362,0:06:02
"2017-02-07T18:19:04.282868,Beverage Holder",2017-02-07,18:19:04.282868,Beverage Holder,42773,0.7632440147,0.006947521343,600,0:10:00
"2017-02-07T18:25:11.036141,Lemonade Card",2017-02-07,18:25:11.036141,Lemonade Card,42773,0.7674888442,0.004244829549,367,0:06:07
"2017-02-07T18:27:02.831443,Lemonade Card",2017-02-07,18:27:02.831443,Lemonade Card,42773,0.7687827713,0.001293927106,112,0:01:52
"2017-02-07T18:44:03.472596,Box BOG Card",2017-02-07,18:44:03.472596,Box BOG Card,42773,0.7805957476,0.01181297631,1021,0:17:01
"2017-02-07T18:49:06.905081,Plush Puppy",2017-02-07,18:49:06.905081,Plush Puppy,42773,0.7841076977,0.003511950058,303,0:05:03
"2017-02-07T19:12:03.853235,Box BOG Card",2017-02-07,19:12:03.853235,Box BOG Card,42773,0.8000445976,0.01593689993,1377,0:22:57
"2017-02-07T19:16:03.540383,Box BOG Card",2017-02-07,19:16:03.540383,Box BOG Card,42773,0.8028187544,0.002774156806,240,0:04:00
"2017-02-07T19:31:06.620486,Box BOG Card",2017-02-07,19:31:06.620486,Box BOG Card,42773,0.8132710704,0.01045231601,903,0:15:03
"2017-02-07T19:32:05.849968,Cane's Cap",2017-02-07,19:32:05.849968,Cane's Cap,42773,0.8139565969,0.000685526412,59,0:00:59
"2017-02-07T19:34:13.330510,Box BOG Card",2017-02-07,19:34:13.330510,Box BOG Card,42773,0.8154320661,0.001475469236,127,0:02:07
"2017-02-07T20:10:09.302983,Box BOG Card",2017-02-07,20:10:09.302983,Box BOG Card,42773,0.8403854512,0.0249533851,2156,0:35:56
"2017-02-07T20:16:05.464275,Lemonade Card",2017-02-07,20:16:05.464275,Lemonade Card,42773,0.8445076884,0.004122237176,356,0:05:56
"2017-02-07T20:21:02.586938,Lemonade Card",2017-02-07,20:21:02.586938,Lemonade Card,42773,0.8479466081,0.003438919711,297,0:04:57
"2017-02-07T20:23:10.213528,Box BOG Card",2017-02-07,20:23:10.213528,Box BOG Card,42773,0.8494237677,0.001477159606,128,0:02:08
"2017-02-07T20:36:00.817900,Lemonade Card",2017-02-07,20:36:00.817900,Lemonade Card,42773,0.8583427998,0.008919032083,771,0:12:51
"2017-02-07T20:39:06.211190,Box BOG Card",2017-02-07,20:39:06.211190,Box BOG Card,42773,0.8604885554,0.002145755671,185,0:03:05
"2017-02-07T20:43:04.852936,Box BOG Card",2017-02-07,20:43:04.852936,Box BOG Card,42773,0.8632506127,0.002762057245,239,0:03:59
"2017-02-07T20:45:07.250522,Lemonade Card",2017-02-07,20:45:07.250522,Lemonade Card,42773,0.8646672514,0.001416638727,122,0:02:02
"2017-02-07T20:53:05.173119,Lemonade Card",2017-02-07,20:53:05.173119,Lemonade Card,42773,0.870198763,0.005531511539,478,0:07:58
"2017-02-07T21:00:15.983579,Box BOG Card",2017-02-07,21:00:15.983579,Box BOG Card,42773,0.8751849951,0.004986232176,431,0:07:11
"2017-02-07T21:01:09.260009,Beverage Holder",2017-02-07,21:01:09.260009,Beverage Holder,42773,0.8758016205,0.0006166253472,53,0:00:53
"2017-02-07T21:02:02.727896,Cane's Cap",2017-02-07,21:02:02.727896,Cane's Cap,42773,0.8764204618,0.0006188412847,53,0:00:53
"2017-02-07T21:07:05.885220,Box BOG Card",2017-02-07,21:07:05.885220,Box BOG Card,42773,0.8799292271,0.003508765324,303,0:05:03
"2017-02-07T21:20:07.076597,Box BOG Card",2017-02-07,21:20:07.076597,Box BOG Card,42773,0.8889707939,0.009041566863,781,0:13:01
"2017-02-07T21:38:06.173556,T-Shirt",2017-02-07,21:38:06.173556,T-Shirt,42773,0.9014603421,0.01248954814,1079,0:17:59
"2017-02-07T21:40:03.477081,Box BOG Card",2017-02-07,21:40:03.477081,Box BOG Card,42773,0.9028180218,0.001357679688,117,0:01:57
"2017-02-07T22:06:16.812185,Lemonade Card",2017-02-07,22:06:16.812185,Lemonade Card,42773,0.9210279188,0.01820989704,1573,0:26:13
"2017-02-07T22:11:04.097732,Box BOG Card",2017-02-07,22:11:04.097732,Box BOG Card,42773,0.924352983,0.003325064201,287,0:04:47
"2017-02-07T22:14:04.661235,Beverage Holder",2017-02-07,22:14:04.661235,Beverage Holder,42773,0.9264428384,0.002089855359,181,0:03:01
"2017-02-07T22:43:06.870255,Box BOG Card",2017-02-07,22:43:06.870255,Box BOG Card,42773,0.9466072946,0.02016445625,1742,0:29:02
"2017-02-07T22:44:10.615642,Box BOG Card",2017-02-07,22:44:10.615642,Box BOG Card,42773,0.9473450884,0.000737793831,64,0:01:04
"2017-02-07T22:47:06.139836,Box BOG Card",2017-02-07,22:47:06.139836,Box BOG Card,42773,0.9493766185,0.002031530023,176,0:02:56
"2017-02-07T22:50:01.709710,T-Shirt",2017-02-07,22:50:01.709710,T-Shirt,42773,0.9514086772,0.002032058727,176,0:02:56
"2017-02-07T23:04:11.484156,Box BOG Card",2017-02-07,23:04:11.484156,Box BOG Card,42773,0.9612440296,0.009835352384,850,0:14:10
"2017-02-07T23:07:01.481404,T-Shirt",2017-02-07,23:07:01.481404,T-Shirt,42773,0.9632115903,0.001967560741,170,0:02:50
"2017-02-07T23:12:04.338561,Cane's Cap",2017-02-07,23:12:04.338561,Cane's Cap,42773,0.9667168815,0.003505291169,303,0:05:03
"2017-02-07T23:25:15.987956,Lemonade Card",2017-02-07,23:25:15.987956,Lemonade Card,42773,0.9758794902,0.009162608738,792,0:13:12
"2017-02-07T23:25:15.987956,Lemonade Card",2017-02-07,23:25:15.987956,Lemonade Card,42773,0.9758794902,0,0,0:00:00
"2017-02-07T23:27:12.963379,Box BOG Card",2017-02-07,23:27:12.963379,Box BOG Card,42773,0.9772333724,0.001353882211,117,0:01:57
"2017-02-07T23:40:03.046883,Box BOG Card",2017-02-07,23:40:03.046883,Box BOG Card,42773,0.986146376,0.008913003519,770,0:12:50
"2017-02-07T23:43:09.087863,Box BOG Card",2017-02-07,23:43:09.087863,Box BOG Card,42773,0.988299628,0.002153252083,186,0:03:06
"2017-02-08T00:07:02.399510,Box BOG Card",2017-02-08,00:07:02.399510,Box BOG Card,42774,0.004888883218,0.01658925517,1433,0:23:53
"2017-02-08T00:28:04.975527,Lemonade Card",2017-02-08,00:28:04.975527,Lemonade Card,42774,0.01950203156,0.01461314834,1263,0:21:03
"2017-02-08T00:33:02.440840,Box BOG Card",2017-02-08,00:33:02.440840,Box BOG Card,42774,0.02294491713,0.003442885567,297,0:04:57
"2017-02-08T00:36:03.579122,Box BOG Card",2017-02-08,00:36:03.579122,Box BOG Card,42774,0.02504142502,0.002096507894,181,0:03:01
"2017-02-08T00:38:11.332480,Lemonade Card",2017-02-08,00:38:11.332480,Lemonade Card,42774,0.02652005185,0.001478626829,128,0:02:08
"2017-02-08T00:53:09.255456,T-Shirt",2017-02-08,00:53:09.255456,T-Shirt,42774,0.03691267889,0.01039262704,898,0:14:58
"2017-02-08T00:58:06.970438,Box BOG Card",2017-02-08,00:58:06.970438,Box BOG Card,42774,0.04035845414,0.003445775255,298,0:04:58
"2017-02-08T01:04:03.561738,Lemonade Card",2017-02-08,01:04:03.561738,Lemonade Card,42774,0.04448566826,0.00412721412,357,0:05:57
"2017-02-08T01:08:03.068471,Lemonade Card",2017-02-08,01:08:03.068471,Lemonade Card,42774,0.04725773693,0.002772068669,240,0:04:00
"2017-02-08T01:08:24.630083,Beverage Holder",2017-02-08,01:08:24.630083,Beverage Holder,42774,0.04750729263,0.0002495556944,22,0:00:22
"2017-02-08T01:29:08.220720,Lemonade Card",2017-02-08,01:29:08.220720,Lemonade Card,42774,0.06190070278,0.01439341015,1244,0:20:44
"2017-02-08T01:32:03.976753,Box BOG Card",2017-02-08,01:32:03.976753,Box BOG Card,42774,0.06393491612,0.002034213345,176,0:02:56
"2017-02-08T01:35:04.898796,Box BOG Card",2017-02-08,01:35:04.898796,Box BOG Card,42774,0.06602892125,0.002094005127,181,0:03:01
"2017-02-08T01:37:07.358572,Lemonade Card",2017-02-08,01:37:07.358572,Lemonade Card,42774,0.06744627977,0.001417358519,122,0:02:02
"2017-02-08T01:39:04.596045,Box BOG Card",2017-02-08,01:39:04.596045,Box BOG Card,42774,0.06880319497,0.001356915197,117,0:01:57
"2017-02-08T01:42:05.530593,Box BOG Card",2017-02-08,01:42:05.530593,Box BOG Card,42774,0.07089734483,0.002094149861,181,0:03:01
"2017-02-08T01:46:10.084058,Box BOG Card",2017-02-08,01:46:10.084058,Box BOG Card,42774,0.07372782475,0.002830479919,245,0:04:05
"2017-02-08T01:51:03.117150,Lemonade Card",2017-02-08,01:51:03.117150,Lemonade Card,42774,0.07711941146,0.003391586713,293,0:04:53
"2017-02-08T01:58:05.072958,Cane's Cap",2017-02-08,01:58:05.072958,Cane's Cap,42774,0.08200315924,0.004883747778,422,0:07:02
"2017-02-08T02:00:02.456887,Cane's Cap",2017-02-08,02:00:02.456887,Cane's Cap,42774,0.08336176953,0.001358610289,117,0:01:57
"2017-02-08T02:01:01.007042,Lemonade Card",2017-02-08,02:01:01.007042,Lemonade Card,42774,0.08403943336,0.000677663831,59,0:00:59
"2017-02-08T02:07:02.753353,T-Shirt",2017-02-08,02:07:02.753353,T-Shirt,42774,0.08822631196,0.0041868786,362,0:06:02
"2017-02-08T02:22:02.033441,Lemonade Card",2017-02-08,02:22:02.033441,Lemonade Card,42774,0.09863464631,0.01040833435,899,0:14:59
"2017-02-08T02:24:15.020860,T-Shirt",2017-02-08,02:24:15.020860,T-Shirt,42774,0.1001738525,0.001539206238,133,0:02:13
"2017-02-08T02:29:12.880303,Box BOG Card",2017-02-08,02:29:12.880303,Box BOG Card,42774,0.1036212998,0.003447447257,298,0:04:58
"2017-02-08T02:36:08.212974,Box BOG Card",2017-02-08,02:36:08.212974,Box BOG Card,42774,0.1084283909,0.0048070911,415,0:06:55
"2017-02-08T02:48:01.364421,Lemonade Card",2017-02-08,02:48:01.364421,Lemonade Card,42774,0.1166824586,0.008254067674,713,0:11:53
"2017-02-08T02:56:05.543814,Cane's Cap",2017-02-08,02:56:05.543814,Cane's Cap,42774,0.1222863867,0.00560392816,484,0:08:04
"2017-02-08T03:05:07.363637,Lemonade Card",2017-02-08,03:05:07.363637,Lemonade Card,42774,0.1285574495,0.006271062766,542,0:09:02
"2017-02-08T03:22:13.217727,T-Shirt",2017-02-08,03:22:13.217727,T-Shirt,42774,0.1404307607,0.01187331123,1026,0:17:06
"2017-02-08T03:37:12.510625,Box BOG Card",2017-02-08,03:37:12.510625,Box BOG Card,42774,0.1508392433,0.01040848262,899,0:14:59
"2017-02-08T03:39:04.235240,Box BOG Card",2017-02-08,03:39:04.235240,Box BOG Card,42774,0.1521323523,0.00129310897,112,0:01:52
"2017-02-08T03:44:02.097686,Box BOG Card",2017-02-08,03:44:02.097686,Box BOG Card,42774,0.1555798343,0.003447482014,298,0:04:58
"2017-02-08T03:47:08.916034,Lemonade Card",2017-02-08,03:47:08.916034,Lemonade Card,42774,0.1577420837,0.002162249398,187,0:03:07
"2017-02-08T04:09:03.969219,Box BOG Card",2017-02-08,04:09:03.969219,Box BOG Card,42774,0.1729626067,0.01522052297,1315,0:21:55
"2017-02-08T04:22:04.868317,Box BOG Card",2017-02-08,04:22:04.868317,Box BOG Card,42774,0.1820007907,0.009038184005,781,0:13:01
"2017-02-08T04:22:10.450053,Lemonade Card",2017-02-08,04:22:10.450053,Lemonade Card,42774,0.1820653941,0.00006460342593,6,0:00:06
"2017-02-08T04:28:06.797182,T-Shirt",2017-02-08,04:28:06.797182,T-Shirt,42774,0.1861897822,0.004124388067,356,0:05:56
"2017-02-08T04:30:03.708323,T-Shirt",2017-02-08,04:30:03.708323,T-Shirt,42774,0.1875429204,0.001353138206,117,0:01:57
"2017-02-08T04:47:08.283935,Box BOG Card",2017-02-08,04:47:08.283935,Box BOG Card,42774,0.1994014344,0.01185851403,1025,0:17:05
"2017-02-08T05:02:04.945824,Lemonade Card",2017-02-08,05:02:04.945824,Lemonade Card,42774,0.2097794656,0.01037803112,897,0:14:57
"2017-02-08T05:08:11.019358,Lemonade Card",2017-02-08,05:08:11.019358,Lemonade Card,42774,0.2140164278,0.004236962199,366,0:06:06
"2017-02-08T05:08:11.019358,T-Shirt",2017-02-08,05:08:11.019358,T-Shirt,42774,0.2140164278,0,0,0:00:00
"2017-02-08T05:08:16.576867,Lemonade Card",2017-02-08,05:08:16.576867,Lemonade Card,42774,0.2140807508,0.00006432302083,6,0:00:06
"2017-02-08T05:11:27.992068,Cane's Cap",2017-02-08,05:11:27.992068,Cane's Cap,42774,0.2162962045,0.002215453715,191,0:03:11
"2017-02-08T05:14:12.926146,Box BOG Card",2017-02-08,05:14:12.926146,Box BOG Card,42774,0.2182051637,0.001908959236,165,0:02:45
"2017-02-08T05:27:24.332251,T-Shirt",2017-02-08,05:27:24.332251,T-Shirt,42774,0.2273649566,0.009159792882,791,0:13:11
"2017-02-08T05:43:24.577838,Lemonade Card",2017-02-08,05:43:24.577838,Lemonade Card,42774,0.2384789102,0.01111395355,960,0:16:00
"2017-02-08T05:49:09.822200,Box BOG Card",2017-02-08,05:49:09.822200,Box BOG Card,42774,0.242474794,0.003995883819,345,0:05:45
"2017-02-08T06:05:20.462967,Lemonade Card",2017-02-08,06:05:20.462967,Lemonade Card,42774,0.2537090621,0.01123426814,971,0:16:11
"2017-02-08T06:08:05.054527,Box BOG Card",2017-02-08,06:08:05.054527,Box BOG Card,42774,0.255614057,0.001904994907,165,0:02:45
"2017-02-08T06:09:03.672315,Lemonade Card",2017-02-08,06:09:03.672315,Lemonade Card,42774,0.2562925036,0.0006784466204,59,0:00:59
"2017-02-08T06:14:43.175515,Box BOG Card",2017-02-08,06:14:43.175515,Box BOG Card,42774,0.2602219388,0.003929435185,340,0:05:40
"2017-02-08T06:18:20.771409,T-Shirt",2017-02-08,06:18:20.771409,T-Shirt,42774,0.2627404098,0.002518470995,218,0:03:38
"2017-02-08T06:23:28.481669,Box BOG Card",2017-02-08,06:23:28.481669,Box BOG Card,42774,0.2663018712,0.003561461343,308,0:05:08
"2017-02-08T06:39:06.900694,Lemonade Card",2017-02-08,06:39:06.900694,Lemonade Card,42774,0.2771632025,0.01086133131,938,0:15:38
"2017-02-08T06:41:03.686294,Beverage Holder",2017-02-08,06:41:03.686294,Beverage Holder,42774,0.2785148877,0.001351685185,117,0:01:57
"2017-02-08T06:52:26.952037,Cane's Cap",2017-02-08,06:52:26.952037,Cane's Cap,42774,0.286423056,0.007908168322,683,0:11:23
"2017-02-08T06:55:00.722590,Box BOG Card",2017-02-08,06:55:00.722590,Box BOG Card,42774,0.2882028078,0.001779751771,154,0:02:34
"2017-02-08T07:14:10.233544,Lemonade Card",2017-02-08,07:14:10.233544,Lemonade Card,42774,0.3015073327,0.01330452493,1150,0:19:10
"2017-02-08T07:14:36.999014,Lemonade Card",2017-02-08,07:14:36.999014,Lemonade Card,42774,0.3018171182,0.0003097855324,27,0:00:27
"2017-02-08T07:15:09.036009,Box BOG Card",2017-02-08,07:15:09.036009,Box BOG Card,42774,0.3021879168,0.0003707985532,32,0:00:32
"2017-02-08T07:15:19.862933,Box BOG Card",2017-02-08,07:15:19.862933,Box BOG Card,42774,0.3023132284,0.0001253116204,11,0:00:11
"2017-02-08T07:28:08.495207,Yeti Tumbler",2017-02-08,07:28:08.495207,Yeti Tumbler,42774,0.3112094353,0.008896206875,769,0:12:49
"2017-02-08T07:35:12.934330,Box BOG Card",2017-02-08,07:35:12.934330,Box BOG Card,42774,0.3161219251,0.00491248985,424,0:07:04
"2017-02-08T07:38:13.392677,Lemonade Card",2017-02-08,07:38:13.392677,Lemonade Card,42774,0.3182105634,0.002088638275,180,0:03:00
"2017-02-08T07:50:24.440582,T-Shirt",2017-02-08,07:50:24.440582,T-Shirt,42774,0.326671766,0.008461202604,731,0:12:11
"2017-02-08T07:52:10.698047,Carry All Cooler",2017-02-08,07:52:10.698047,Carry All Cooler,42774,0.3279015978,0.001229831771,106,0:01:46
"2017-02-08T07:55:42.825353,T-Shirt",2017-02-08,07:55:42.825353,T-Shirt,42774,0.3303567749,0.002455177153,212,0:03:32
"2017-02-08T08:05:34.674918,Box BOG Card",2017-02-08,08:05:34.674918,Box BOG Card,42774,0.3372068856,0.006850110706,592,0:09:52
"2017-02-08T08:10:05.029653,Box BOG Card",2017-02-08,08:10:05.029653,Box BOG Card,42774,0.3403359914,0.003129105729,270,0:04:30
"2017-02-08T08:14:08.700231,Box BOG Card",2017-02-08,08:14:08.700231,Box BOG Card,42774,0.3431562527,0.002820261319,244,0:04:04
"2017-02-08T08:24:01.838853,Beverage Holder",2017-02-08,08:24:01.838853,Beverage Holder,42774,0.350021283,0.006865030347,593,0:09:53
"2017-02-08T08:25:21.432177,Lemonade Card",2017-02-08,08:25:21.432177,Lemonade Card,42774,0.350942502,0.0009212190278,80,0:01:20
"2017-02-08T08:34:05.934062,Beverage Holder",2017-02-08,08:34:05.934062,Beverage Holder,42774,0.3570131257,0.006070623669,525,0:08:45
"2017-02-08T08:35:04.365295,Box BOG Card",2017-02-08,08:35:04.365295,Box BOG Card,42774,0.3576894131,0.000676287419,58,0:00:58
"2017-02-08T08:39:45.304792,T-Shirt",2017-02-08,08:39:45.304792,T-Shirt,42774,0.3609410277,0.003251614549,281,0:04:41
"2017-02-08T08:48:45.730034,T-Shirt",2017-02-08,08:48:45.730034,T-Shirt,42774,0.3671959495,0.006254921782,540,0:09:00
"2017-02-08T08:56:58.566510,Lemonade Card",2017-02-08,08:56:58.566510,Lemonade Card,42774,0.3729000753,0.00570412588,493,0:08:13
"2017-02-08T09:14:17.015437,Beverage Holder",2017-02-08,09:14:17.015437,Beverage Holder,42774,0.3849191602,0.0120190848,1038,0:17:18
"2017-02-08T09:15:15.490978,Cane's Cap",2017-02-08,09:15:15.490978,Cane's Cap,42774,0.3855959604,0.0006768002431,58,0:00:58
"2017-02-08T09:22:40.413616,Box BOG Card",2017-02-08,09:22:40.413616,Box BOG Card,42774,0.390745528,0.005149567569,445,0:07:25
"2017-02-08T09:22:56.531962,Lemonade Card",2017-02-08,09:22:56.531962,Lemonade Card,42774,0.3909320829,0.0001865549306,16,0:00:16
"2017-02-08T09:38:34.228483,Box BOG Card",2017-02-08,09:38:34.228483,Box BOG Card,42774,0.4017850519,0.01085296899,938,0:15:38
"2017-02-08T09:58:45.782493,Box BOG Card",2017-02-08,09:58:45.782493,Box BOG Card,42774,0.4158076677,0.01402261586,1212,0:20:12
"2017-02-08T10:09:10.429845,T-Shirt",2017-02-08,10:09:10.429845,T-Shirt,42774,0.4230373825,0.007229714722,625,0:10:25
"2017-02-08T10:20:39.223160,Box BOG Card",2017-02-08,10:20:39.223160,Box BOG Card,42774,0.4310095273,0.00797214485,689,0:11:29
"2017-02-08T10:37:56.521221,Lemonade Card",2017-02-08,10:37:56.521221,Lemonade Card,42774,0.4430152919,0.01200576459,1037,0:17:17
"2017-02-08T10:38:54.897883,Box BOG Card",2017-02-08,10:38:54.897883,Box BOG Card,42774,0.4436909477,0.0006756558102,58,0:00:58
"2017-02-08T10:40:56.899215,T-Shirt",2017-02-08,10:40:56.899215,T-Shirt,42774,0.4451030002,0.001412052454,122,0:02:02
"2017-02-08T10:41:07.845073,Beverage Holder",2017-02-08,10:41:07.845073,Beverage Holder,42774,0.4452296883,0.0001266881713,11,0:00:11
"2017-02-08T10:41:50.360191,Lemonade Card",2017-02-08,10:41:50.360191,Lemonade Card,42774,0.4457217615,0.000492073125,43,0:00:43
"2017-02-08T10:42:22.385545,Lemonade Card",2017-02-08,10:42:22.385545,Lemonade Card,42774,0.4460924253,0.0003706638194,32,0:00:32
"2017-02-08T15:06:13.294598,Lemonade Card",2017-02-08,15:06:13.294598,Lemonade Card,42774,0.6293205393,0.183228114,1431,0:23:51
"2017-02-08T15:13:18.565909,Lemonade Card",2017-02-08,15:13:18.565909,Lemonade Card,42774,0.634242661,0.004922121655,425,0:07:05
"2017-02-08T15:18:37.214219,T-Shirt",2017-02-08,15:18:37.214219,T-Shirt,42774,0.6379307201,0.003688059144,319,0:05:19
"2017-02-08T15:26:14.536796,Box BOG Card",2017-02-08,15:26:14.536796,Box BOG Card,42774,0.6432238055,0.005293085382,457,0:07:37
"2017-02-08T15:38:11.525728,Box BOG Card",2017-02-08,15:38:11.525728,Box BOG Card,42774,0.6515222885,0.008298483009,717,0:11:57
"2017-02-08T15:54:18.246976,Lemonade Card",2017-02-08,15:54:18.246976,Lemonade Card,42774,0.6627111919,0.01118890333,967,0:16:07
"2017-02-08T15:56:15.377494,Beverage Holder",2017-02-08,15:56:15.377494,Beverage Holder,42774,0.6640668691,0.001355677292,117,0:01:57
"2017-02-08T15:58:06.990986,Box BOG Card",2017-02-08,15:58:06.990986,Box BOG Card,42774,0.665358692,0.001291822824,112,0:01:52
"2017-02-08T16:00:09.408301,Lemonade Card",2017-02-08,16:00:09.408301,Lemonade Card,42774,0.666775559,0.001416867072,122,0:02:02
"2017-02-08T16:16:21.444221,Lemonade Card",2017-02-08,16:16:21.444221,Lemonade Card,42774,0.6780259748,0.01125041574,972,0:16:12
"2017-02-08T16:36:04.624630,Lemonade Card",2017-02-08,16:36:04.624630,Lemonade Card,42774,0.6917201925,0.0136942177,1183,0:19:43
"2017-02-08T16:46:09.779592,Lemonade Card",2017-02-08,16:46:09.779592,Lemonade Card,42774,0.6987243008,0.007004108356,605,0:10:05
"2017-02-08T16:53:09.862446,Box BOG Card",2017-02-08,16:53:09.862446,Box BOG Card,42774,0.7035863709,0.004862070069,420,0:07:00
"2017-02-08T17:01:04.612006,Lemonade Card",2017-02-08,17:01:04.612006,Lemonade Card,42774,0.7090811575,0.005494786574,475,0:07:55
"2017-02-08T17:01:15.456952,Beverage Holder",2017-02-08,17:01:15.456952,Beverage Holder,42774,0.7092066777,0.0001255202083,11,0:00:11
"2017-02-08T17:12:08.669005,Lemonade Card",2017-02-08,17:12:08.669005,Lemonade Card,42774,0.7167670024,0.007560324688,653,0:10:53
"2017-02-08T17:17:07.600851,T-Shirt",2017-02-08,17:17:07.600851,T-Shirt,42774,0.7202268617,0.003459859329,299,0:04:59
"2017-02-08T17:22:05.064259,Box BOG Card",2017-02-08,17:22:05.064259,Box BOG Card,42774,0.7236697252,0.003442863519,297,0:04:57
"2017-02-08T17:29:10.556503,Lemonade Card",2017-02-08,17:29:10.556503,Lemonade Card,42774,0.728594404,0.00492467875,425,0:07:05
"2017-02-08T17:37:13.198925,T-Shirt",2017-02-08,17:37:13.198925,T-Shirt,42774,0.7341805431,0.005586139144,483,0:08:03
"2017-02-08T17:39:04.974187,Lemonade Card",2017-02-08,17:39:04.974187,Lemonade Card,42774,0.7354742383,0.001293695162,112,0:01:52
"2017-02-08T17:57:17.050591,Beverage Holder",2017-02-08,17:57:17.050591,Beverage Holder,42774,0.7481140115,0.01263977319,1092,0:18:12
"2017-02-08T18:05:05.248067,Lemonade Card",2017-02-08,18:05:05.248067,Lemonade Card,42774,0.7535329637,0.005418952269,468,0:07:48
"2017-02-08T18:15:06.121106,Box BOG Card",2017-02-08,18:15:06.121106,Box BOG Card,42774,0.7604875128,0.006954549063,601,0:10:01
"2017-02-08T18:22:06.212611,Lemonade Card",2017-02-08,18:22:06.212611,Lemonade Card,42774,0.765349683,0.004862170197,420,0:07:00
"2017-02-08T18:26:10.666187,Lemonade Card",2017-02-08,18:26:10.666187,Lemonade Card,42774,0.7681790068,0.002829323796,244,0:04:04
"2017-02-08T18:46:06.357273,Beverage Holder",2017-02-08,18:46:06.357273,Beverage Holder,42774,0.782018024,0.0138390172,1196,0:19:56
"2017-02-08T18:49:07.326904,Lemonade Card",2017-02-08,18:49:07.326904,Lemonade Card,42774,0.7841125799,0.002094555914,181,0:03:01
"2017-02-08T18:54:05.359453,T-Shirt",2017-02-08,18:54:05.359453,T-Shirt,42774,0.7875620307,0.003449450799,298,0:04:58
"2017-02-08T18:57:06.151331,Beverage Holder",2017-02-08,18:57:06.151331,Beverage Holder,42774,0.7896545293,0.002092498588,181,0:03:01
"2017-02-08T19:18:05.453794,Box BOG Card",2017-02-08,19:18:05.453794,Box BOG Card,42774,0.8042297893,0.01457525999,1259,0:20:59
"2017-02-08T19:25:10.759037,T-Shirt",2017-02-08,19:25:10.759037,T-Shirt,42774,0.8091523037,0.004922514387,425,0:07:05
"2017-02-08T19:26:09.344361,Lemonade Card",2017-02-08,19:26:09.344361,Lemonade Card,42774,0.8098303745,0.0006780708796,59,0:00:59
"2017-02-08T19:33:08.902787,Box BOG Card",2017-02-08,19:33:08.902787,Box BOG Card,42774,0.8146863748,0.004856000301,420,0:07:00
"2017-02-08T19:59:09.619277,Box BOG Card",2017-02-08,19:59:09.619277,Box BOG Card,42774,0.8327502231,0.01806384826,1561,0:26:01
"2017-02-08T20:01:01.590302,Plush Puppy",2017-02-08,20:01:01.590302,Plush Puppy,42774,0.8340461841,0.001295960937,112,0:01:52
"2017-02-08T20:14:02.654634,Box BOG Card",2017-02-08,20:14:02.654634,Box BOG Card,42774,0.8430862805,0.009040096435,781,0:13:01
"2017-02-08T20:15:06.876817,Box BOG Card",2017-02-08,20:15:06.876817,Box BOG Card,42774,0.8438295928,0.0007433123032,64,0:01:04
"2017-02-08T20:27:08.754194,Beverage Holder",2017-02-08,20:27:08.754194,Beverage Holder,42774,0.852184655,0.008355062234,722,0:12:02
"2017-02-08T20:27:08.754194,T-Shirt",2017-02-08,20:27:08.754194,T-Shirt,42774,0.852184655,0,0,0:00:00
"2017-02-08T20:31:07.889778,Box BOG Card",2017-02-08,20:31:07.889778,Box BOG Card,42774,0.854952428,0.002767772963,239,0:03:59
"2017-02-08T20:34:08.520236,Lemonade Card",2017-02-08,20:34:08.520236,Lemonade Card,42774,0.8570430583,0.002090630301,181,0:03:01
"2017-02-08T20:34:14.358058,Lemonade Card",2017-02-08,20:34:14.358058,Lemonade Card,42774,0.8571106257,0.00006756738426,6,0:00:06
"2017-02-08T20:36:06.021542,Beverage Holder",2017-02-08,20:36:06.021542,Beverage Holder,42774,0.8584030271,0.001292401435,112,0:01:52
"2017-02-08T20:41:03.046544,Box BOG Card",2017-02-08,20:41:03.046544,Box BOG Card,42774,0.8618408165,0.003437789375,297,0:04:57
"2017-02-08T20:59:03.672957,Lemonade Card",2017-02-08,20:59:03.672957,Lemonade Card,42774,0.8743480666,0.01250725015,1081,0:18:01
"2017-02-08T20:59:14.548809,T-Shirt",2017-02-08,20:59:14.548809,T-Shirt,42774,0.8744739445,0.0001258779167,11,0:00:11
"2017-02-08T21:07:03.173510,T-Shirt",2017-02-08,21:07:03.173510,T-Shirt,42774,0.8798978416,0.005423897002,469,0:07:49
"2017-02-08T21:07:03.173510,Cane's Cap",2017-02-08,21:07:03.173510,Cane's Cap,42774,0.8798978416,0,0,0:00:00
"2017-02-08T21:13:04.347655,T-Shirt",2017-02-08,21:13:04.347655,T-Shirt,42774,0.8840780979,0.004180256308,361,0:06:01
"2017-02-08T21:15:01.481085,Lemonade Card",2017-02-08,21:15:01.481085,Lemonade Card,42774,0.8854338089,0.001355710995,117,0:01:57
"2017-02-08T21:18:02.116180,Lemonade Card",2017-02-08,21:18:02.116180,Lemonade Card,42774,0.8875244928,0.00209068397,181,0:03:01
"2017-02-08T21:28:07.583767,Lemonade Card",2017-02-08,21:28:07.583767,Lemonade Card,42774,0.8945322195,0.007007726701,605,0:10:05
"2017-02-08T21:32:01.453389,Lemonade Card",2017-02-08,21:32:01.453389,Lemonade Card,42774,0.8972390439,0.002706824329,234,0:03:54
"2017-02-08T21:33:10.630845,Box BOG Card",2017-02-08,21:33:10.630845,Box BOG Card,42774,0.8980397089,0.000800665,69,0:01:09
"2017-02-08T21:42:01.886535,Box BOG Card",2017-02-08,21:42:01.886535,Box BOG Card,42774,0.9041885016,0.006148792708,531,0:08:51
"2017-02-08T21:50:10.156944,Cane's Cap",2017-02-08,21:50:10.156944,Cane's Cap,42774,0.9098397794,0.005651277882,488,0:08:08
"2017-02-08T21:52:02.040806,Lemonade Card",2017-02-08,21:52:02.040806,Lemonade Card,42774,0.9111347316,0.001294952106,112,0:01:52
"2017-02-08T21:52:02.382396,Box BOG Card",2017-02-08,21:52:02.382396,Box BOG Card,42774,0.9111386851,0.000003953587963,0,0:00:00
"2017-02-08T21:59:02.685485,Box BOG Card",2017-02-08,21:59:02.685485,Box BOG Card,42774,0.9160033042,0.004864619086,420,0:07:00
"2017-02-08T22:02:08.986564,Beverage Holder",2017-02-08,22:02:08.986564,Beverage Holder,42774,0.9181595667,0.002156262488,186,0:03:06
"2017-02-08T22:30:03.917981,Box BOG Card",2017-02-08,22:30:03.917981,Box BOG Card,42774,0.937545347,0.01938578029,1675,0:27:55
"2017-02-08T22:31:07.916181,Cane's Cap",2017-02-08,22:31:07.916181,Cane's Cap,42774,0.9382860669,0.0007407199074,64,0:01:04
"2017-02-08T22:33:10.186247,Box BOG Card",2017-02-08,22:33:10.186247,Box BOG Card,42774,0.9397012297,0.001415162801,122,0:02:02
"2017-02-08T22:38:07.573704,Beverage Holder",2017-02-08,22:38:07.573704,Beverage Holder,42774,0.9431432142,0.003441984456,297,0:04:57
"2017-02-08T22:41:08.145939,Lemonade Card",2017-02-08,22:41:08.145939,Lemonade Card,42774,0.9452331706,0.002089956424,181,0:03:01
"2017-02-08T22:43:04.982445,T-Shirt",2017-02-08,22:43:04.982445,T-Shirt,42774,0.946585445,0.001352274375,117,0:01:57
"2017-02-08T22:58:10.391184,Lemonade Card",2017-02-08,22:58:10.391184,Lemonade Card,42774,0.9570647128,0.01047926781,905,0:15:05
"2017-02-08T23:01:00.911829,Lemonade Card",2017-02-08,23:01:00.911829,Lemonade Card,42774,0.9590383314,0.001973618576,171,0:02:51
"2017-02-08T23:01:06.675295,Box BOG Card",2017-02-08,23:01:06.675295,Box BOG Card,42774,0.9591050381,0.00006670678241,6,0:00:06
"2017-02-08T23:03:03.746956,Box BOG Card",2017-02-08,23:03:03.746956,Box BOG Card,42774,0.9604600342,0.001354996076,117,0:01:57
"2017-02-08T23:29:04.271723,Box BOG Card",2017-02-08,23:29:04.271723,Box BOG Card,42774,0.9785216635,0.01806162925,1561,0:26:01
"2017-02-08T23:46:04.740397,Lemonade Card",2017-02-08,23:46:04.740397,Lemonade Card,42774,0.9903326435,0.01181098002,1020,0:17:00
"2017-02-08T23:56:05.417663,$35 Gift Basket",2017-02-08,23:56:05.417663,$35 Gift Basket,42774,0.9972849267,0.006952283171,601,0:10:01
"2017-02-08T23:59:11.269956,Beverage Holder",2017-02-08,23:59:11.269956,Beverage Holder,42774,0.9994359949,0.002151068206,186,0:03:06
"2017-02-09T00:02:06.847445,T-Shirt",2017-02-09,00:02:06.847445,T-Shirt,42775,0.001468141725,0.002032146863,176,0:02:56
"2017-02-09T00:14:04.075181,Lemonade Card",2017-02-09,00:14:04.075181,Lemonade Card,42775,0.009769388669,0.008301246944,717,0:11:57
"2017-02-09T00:16:06.234667,Lemonade Card",2017-02-09,00:16:06.234667,Lemonade Card,42775,0.01118327161,0.00141388294,122,0:02:02
"2017-02-09T00:20:05.287583,Box BOG Card",2017-02-09,00:20:05.287583,Box BOG Card,42775,0.01395008777,0.002766816157,239,0:03:59
"2017-02-09T00:21:03.981792,Box BOG Card",2017-02-09,00:21:03.981792,Box BOG Card,42775,0.01462941889,0.0006793311227,59,0:00:59
"2017-02-09T00:23:06.333212,Lemonade Card",2017-02-09,00:23:06.333212,Lemonade Card,42775,0.01604552329,0.001416104398,122,0:02:02
"2017-02-09T00:26:07.137124,Cane's Cap",2017-02-09,00:26:07.137124,Cane's Cap,42775,0.01813816116,0.00209263787,181,0:03:01
"2017-02-09T00:26:12.741133,T-Shirt",2017-02-09,00:26:12.741133,T-Shirt,42775,0.01820302237,0.00006486121528,6,0:00:06
"2017-02-09T00:27:01.630656,Box BOG Card",2017-02-09,00:27:01.630656,Box BOG Card,42775,0.01876887333,0.0005658509606,49,0:00:49
"2017-02-09T00:28:11.130795,Carry All Cooler",2017-02-09,00:28:11.130795,Carry All Cooler,42775,0.01957327309,0.0008043997569,70,0:01:10
"2017-02-09T00:32:05.478722,Box BOG Card",2017-02-09,00:32:05.478722,Box BOG Card,42775,0.02228563336,0.002712360266,234,0:03:54
"2017-02-09T00:48:06.989455,Carry All Cooler",2017-02-09,00:48:06.989455,Carry All Cooler,42775,0.0334142298,0.01112859645,962,0:16:02
"2017-02-09T00:56:05.586037,Lemonade Card",2017-02-09,00:56:05.586037,Lemonade Card,42775,0.03895354209,0.005539312292,479,0:07:59
"2017-02-09T00:57:09.678561,Beverage Holder",2017-02-09,00:57:09.678561,Beverage Holder,42775,0.03969535372,0.0007418116204,64,0:01:04
"2017-02-09T00:58:03.076568,T-Shirt",2017-02-09,00:58:03.076568,T-Shirt,42775,0.0403133862,0.0006180324884,53,0:00:53
"2017-02-09T01:05:04.166434,T-Shirt",2017-02-09,01:05:04.166434,T-Shirt,42775,0.0451871115,0.004873725301,421,0:07:01
"2017-02-09T01:11:07.682859,Box BOG Card",2017-02-09,01:11:07.682859,Box BOG Card,42775,0.04939447753,0.00420736603,364,0:06:04
"2017-02-09T01:15:02.129594,Box BOG Card",2017-02-09,01:15:02.129594,Box BOG Card,42775,0.05210798141,0.002713503877,234,0:03:54
"2017-02-09T01:17:04.234292,Box BOG Card",2017-02-09,01:17:04.234292,Box BOG Card,42775,0.05352123023,0.001413248819,122,0:02:02
"2017-02-09T01:19:01.396376,$35 Gift Basket",2017-02-09,01:19:01.396376,$35 Gift Basket,42775,0.05487727287,0.001356042639,117,0:01:57
"2017-02-09T01:24:09.696073,T-Shirt",2017-02-09,01:24:09.696073,T-Shirt,42775,0.0584455564,0.00356828353,308,0:05:08
"2017-02-09T01:31:12.197620,Lemonade Card",2017-02-09,01:31:12.197620,Lemonade Card,42775,0.0633356206,0.004890064201,423,0:07:03
"2017-02-09T01:32:05.921824,Lemonade Card",2017-02-09,01:32:05.921824,Lemonade Card,42775,0.06395742852,0.0006218079167,54,0:00:54
"2017-02-09T01:34:03.137607,$35 Gift Basket",2017-02-09,01:34:03.137607,$35 Gift Basket,42775,0.06531409267,0.001356664155,117,0:01:57
"2017-02-09T02:03:01.519120,T-Shirt",2017-02-09,02:03:01.519120,T-Shirt,42775,0.08543424907,0.0201201564,1738,0:28:58
"2017-02-09T02:11:05.228287,Box BOG Card",2017-02-09,02:11:05.228287,Box BOG Card,42775,0.0910327348,0.005598485729,484,0:08:04
"2017-02-09T02:20:03.946258,Box BOG Card",2017-02-09,02:20:03.946258,Box BOG Card,42775,0.0972678965,0.006235161701,539,0:08:59
"2017-02-09T02:25:02.400383,Beverage Holder",2017-02-09,02:25:02.400383,Beverage Holder,42775,0.1007222267,0.00345433015,298,0:04:58
"2017-02-09T02:27:04.894726,Beverage Holder",2017-02-09,02:27:04.894726,Beverage Holder,42775,0.1021399853,0.0014177586,122,0:02:02
"2017-02-09T02:55:05.413158,$35 Gift Basket",2017-02-09,02:55:05.413158,$35 Gift Basket,42775,0.1215904301,0.01945044481,1681,0:28:01
"2017-02-09T03:02:11.311216,Box BOG Card",2017-02-09,03:02:11.311216,Box BOG Card,42775,0.1265198057,0.004929375671,426,0:07:06
"2017-02-09T03:15:07.107629,Lemonade Card",2017-02-09,03:15:07.107629,Lemonade Card,42775,0.1354989309,0.00897912515,776,0:12:56
"2017-02-09T03:16:05.783028,Plush Puppy",2017-02-09,03:16:05.783028,Plush Puppy,42775,0.1361780443,0.0006791134144,59,0:00:59
"2017-02-09T03:20:06.234341,Box BOG Card",2017-02-09,03:20:06.234341,Box BOG Card,42775,0.1389610456,0.002783001308,240,0:04:00
"2017-02-09T03:22:03.778924,T-Shirt",2017-02-09,03:22:03.778924,T-Shirt,42775,0.1403215153,0.001360469711,118,0:01:58
"2017-02-09T03:29:09.228781,Lemonade Card",2017-02-09,03:29:09.228781,Lemonade Card,42775,0.1452457035,0.00492418816,425,0:07:05
"2017-02-09T03:35:10.332630,Lemonade Card",2017-02-09,03:35:10.332630,Lemonade Card,42775,0.1494251462,0.004179442697,361,0:06:01
"2017-02-09T04:10:08.800580,Lemonade Card",2017-02-09,04:10:08.800580,Lemonade Card,42775,0.1737129697,0.0242878235,2098,0:34:58
"2017-02-09T04:11:07.541414,T-Shirt",2017-02-09,04:11:07.541414,T-Shirt,42775,0.1743928404,0.0006798707639,59,0:00:59
"2017-02-09T04:20:09.971302,Lemonade Card",2017-02-09,04:20:09.971302,Lemonade Card,42775,0.1806709641,0.006278123704,542,0:09:02
"2017-02-09T04:22:07.016004,T-Shirt",2017-02-09,04:22:07.016004,T-Shirt,42775,0.1820256482,0.001354684051,117,0:01:57
"2017-02-09T04:28:08.604499,Lemonade Card",2017-02-09,04:28:08.604499,Lemonade Card,42775,0.1862107002,0.004185052025,362,0:06:02
"2017-02-09T04:28:14.420447,Lemonade Card",2017-02-09,04:28:14.420447,Lemonade Card,42775,0.1862780144,0.00006731421296,6,0:00:06
"2017-02-09T04:32:14.155769,Box BOG Card",2017-02-09,04:32:14.155769,Box BOG Card,42775,0.1890527288,0.002774714375,240,0:04:00
"2017-02-09T04:41:10.512664,T-Shirt",2017-02-09,04:41:10.512664,T-Shirt,42775,0.1952605632,0.006207834433,536,0:08:56
"2017-02-09T04:44:05.630226,Box BOG Card",2017-02-09,04:44:05.630226,Box BOG Card,42775,0.1972873869,0.002026823634,175,0:02:55
"2017-02-09T04:53:08.333304,Beverage Holder",2017-02-09,04:53:08.333304,Beverage Holder,42775,0.2035686725,0.006281285625,543,0:09:03
"2017-02-09T05:19:12.782019,Lemonade Card",2017-02-09,05:19:12.782019,Lemonade Card,42775,0.2216757178,0.01810704531,1564,0:26:04
"2017-02-09T05:19:23.624815,Beverage Holder",2017-02-09,05:19:23.624815,Beverage Holder,42775,0.2218012131,0.0001254953241,11,0:00:11
"2017-02-09T05:22:08.259290,Lemonade Card",2017-02-09,05:22:08.259290,Lemonade Card,42775,0.2237067047,0.001905491609,165,0:02:45
"2017-02-09T05:23:12.068751,Cane's Cap",2017-02-09,05:23:12.068751,Cane's Cap,42775,0.2244452402,0.0007385354282,64,0:01:04
"2017-02-09T05:23:22.909220,Lemonade Card",2017-02-09,05:23:22.909220,Lemonade Card,42775,0.2245707086,0.0001254683912,11,0:00:11
"2017-02-09T05:24:37.220585,T-Shirt",2017-02-09,05:24:37.220585,T-Shirt,42775,0.2254307938,0.0008600852431,74,0:01:14
"2017-02-09T05:38:04.464909,Beverage Holder",2017-02-09,05:38:04.464909,Beverage Holder,42775,0.2347738994,0.009343105602,807,0:13:27
"2017-02-09T05:58:14.254863,Box BOG Card",2017-02-09,05:58:14.254863,Box BOG Card,42775,0.248776098,0.01400219854,1210,0:20:10
"2017-02-09T06:05:22.404661,Box BOG Card",2017-02-09,06:05:22.404661,Box BOG Card,42775,0.2537315354,0.004955437477,428,0:07:08
"2017-02-09T06:14:08.342759,Lemonade Card",2017-02-09,06:14:08.342759,Lemonade Card,42775,0.2598187819,0.006087246505,526,0:08:46
"2017-02-09T06:16:21.430013,Box BOG Card",2017-02-09,06:16:21.430013,Box BOG Card,42775,0.2613591437,0.001540361736,133,0:02:13
"2017-02-09T06:23:20.183764,Lemonade Card",2017-02-09,06:23:20.183764,Lemonade Card,42775,0.2662058306,0.004846686933,419,0:06:59
"2017-02-09T06:23:31.056541,Box BOG Card",2017-02-09,06:23:31.056541,Box BOG Card,42775,0.2663316729,0.0001258423264,11,0:00:11
"2017-02-09T06:31:23.097876,$50 Gift Basket",2017-02-09,06:31:23.097876,$50 Gift Basket,42775,0.2717951143,0.005463441377,472,0:07:52
"2017-02-09T07:23:48.491754,Lemonade Card",2017-02-09,07:23:48.491754,Lemonade Card,42775,0.308200136,0.03640502174,3145,0:52:25
"2017-02-09T07:27:41.696540,Carry All Cooler",2017-02-09,07:27:41.696540,Carry All Cooler,42775,0.3108992655,0.002699129468,233,0:03:53
"2017-02-09T07:30:16.011368,Box BOG Card",2017-02-09,07:30:16.011368,Box BOG Card,42775,0.3126853168,0.00178605125,154,0:02:34
"2017-02-09T07:35:29.160205,Box BOG Card",2017-02-09,07:35:29.160205,Box BOG Card,42775,0.3163097246,0.003624407836,313,0:05:13
"2017-02-09T07:52:10.272910,Beverage Holder",2017-02-09,07:52:10.272910,Beverage Holder,42775,0.3278966772,0.0115869526,1001,0:16:41
"2017-02-09T07:54:17.528475,T-Shirt",2017-02-09,07:54:17.528475,T-Shirt,42775,0.3293695425,0.001472865336,127,0:02:07
"2017-02-09T07:55:26.606087,Lemonade Card",2017-02-09,07:55:26.606087,Lemonade Card,42775,0.3301690519,0.0007995093981,69,0:01:09
"2017-02-09T08:00:49.901005,Box BOG Card",2017-02-09,08:00:49.901005,Box BOG Card,42775,0.3339108913,0.003741839329,323,0:05:23
"2017-02-09T08:10:06.228667,T-Shirt",2017-02-09,08:10:06.228667,T-Shirt,42775,0.3403498688,0.006438977569,556,0:09:16
"2017-02-09T08:55:07.518175,T-Shirt",2017-02-09,08:55:07.518175,T-Shirt,42775,0.3716147937,0.03126492486,2701,0:45:01
"2017-02-09T09:03:46.534777,Box BOG Card",2017-02-09,09:03:46.534777,Box BOG Card,42775,0.3776219303,0.006007136597,519,0:08:39
"2017-02-09T09:06:15.366770,Box BOG Card",2017-02-09,09:06:15.366770,Box BOG Card,42775,0.3793445228,0.001722592512,149,0:02:29
"2017-02-09T09:27:15.738294,Cane's Cap",2017-02-09,09:27:15.738294,Cane's Cap,42775,0.3939321562,0.01458763338,1260,0:21:00
"2017-02-09T09:33:16.340055,Box BOG Card",2017-02-09,09:33:16.340055,Box BOG Card,42775,0.3981057877,0.004173631493,361,0:06:01
"2017-02-09T09:36:11.203811,Beverage Holder",2017-02-09,09:36:11.203811,Beverage Holder,42775,0.4001296737,0.002023886065,175,0:02:55
"2017-02-09T09:39:00.794350,Lemonade Card",2017-02-09,09:39:00.794350,Lemonade Card,42775,0.4020925272,0.001962853461,170,0:02:50
"2017-02-09T09:39:32.744928,Party Cooler",2017-02-09,09:39:32.744928,Party Cooler,42775,0.4024623256,0.0003697983565,32,0:00:32
"2017-02-09T09:54:05.710902,Cane's Cap",2017-02-09,09:54:05.710902,Cane's Cap,42775,0.4125660984,0.01010377285,873,0:14:33
"2017-02-09T10:03:06.235162,Cane's Cap",2017-02-09,10:03:06.235162,Cane's Cap,42775,0.4188221662,0.006256067824,541,0:09:01
"2017-02-09T10:18:33.496942,Lemonade Card",2017-02-09,10:18:33.496942,Lemonade Card,42775,0.4295543628,0.01073219653,927,0:15:27
"2017-02-09T10:20:41.061221,Box BOG Card",2017-02-09,10:20:41.061221,Box BOG Card,42775,0.4310308012,0.001476438414,128,0:02:08
"2017-02-09T10:24:39.537500,Box BOG Card",2017-02-09,10:24:39.537500,Box BOG Card,42775,0.4337909433,0.002760142118,238,0:03:58
"2017-02-09T10:27:08.076882,Lemonade Card",2017-02-09,10:27:08.076882,Lemonade Card,42775,0.4355101491,0.00171920581,149,0:02:29
"2017-02-09T10:45:29.462810,Box BOG Card",2017-02-09,10:45:29.462810,Box BOG Card,42775,0.4482576714,0.01274752231,1101,0:18:21
"2017-02-09T10:46:28.015311,Lemonade Card",2017-02-09,10:46:28.015311,Lemonade Card,42775,0.4489353624,0.0006776909838,59,0:00:59
"2017-02-09T10:49:22.961375,Lemonade Card",2017-02-09,10:49:22.961375,Lemonade Card,42775,0.4509602011,0.002024838704,175,0:02:55